bin_id,district,latitude,longitude,capacity_m3,observed_on,fill_pct
AST-001,Есиль,51.151154,71.373001,2.5,2026-10-01,17.35
AST-001,Есиль,51.151154,71.373001,2.5,2026-10-02,20.13
AST-001,Есиль,51.151154,71.373001,2.5,2026-10-03,24.83
AST-001,Есиль,51.151154,71.373001,2.5,2026-10-04,28.94
AST-001,Есиль,51.151154,71.373001,2.5,2026-10-05,33.19
AST-001,Есиль,51.151154,71.373001,2.5,2026-10-06,35.76
AST-001,Есиль,51.151154,71.373001,2.5,2026-10-07,38.52
AST-002,Сарыарка,51.118613,71.442242,4.0,2026-10-01,15.97
AST-002,Сарыарка,51.118613,71.442242,4.0,2026-10-02,23.65
AST-002,Сарыарка,51.118613,71.442242,4.0,2026-10-03,30.36
AST-002,Сарыарка,51.118613,71.442242,4.0,2026-10-04,38.18
AST-002,Сарыарка,51.118613,71.442242,4.0,2026-10-05,46.65
AST-002,Сарыарка,51.118613,71.442242,4.0,2026-10-06,52.72
AST-002,Сарыарка,51.118613,71.442242,4.0,2026-10-07,61.19
AST-003,Алматы,51.155851,71.41083,1.1,2026-10-01,16.46
AST-003,Алматы,51.155851,71.41083,1.1,2026-10-02,23.61
AST-003,Алматы,51.155851,71.41083,1.1,2026-10-03,31.59
AST-003,Алматы,51.155851,71.41083,1.1,2026-10-04,39.52
AST-003,Алматы,51.155851,71.41083,1.1,2026-10-05,47.39
AST-003,Алматы,51.155851,71.41083,1.1,2026-10-06,55.03
AST-003,Алматы,51.155851,71.41083,1.1,2026-10-07,62.01
AST-004,Байконур,51.136754,71.384979,2.5,2026-10-01,12.36
AST-004,Байконур,51.136754,71.384979,2.5,2026-10-02,17.8
AST-004,Байконур,51.136754,71.384979,2.5,2026-10-03,24.01
AST-004,Байконур,51.136754,71.384979,2.5,2026-10-04,28.65
AST-004,Байконур,51.136754,71.384979,2.5,2026-10-05,32.78
AST-004,Байконур,51.136754,71.384979,2.5,2026-10-06,36.54
AST-004,Байконур,51.136754,71.384979,2.5,2026-10-07,42.07
AST-005,Есиль,51.161845,71.488227,1.1,2026-10-01,35.99
AST-005,Есиль,51.161845,71.488227,1.1,2026-10-02,41.52
AST-005,Есиль,51.161845,71.488227,1.1,2026-10-03,48.18
AST-005,Есиль,51.161845,71.488227,1.1,2026-10-04,52.83
AST-005,Есиль,51.161845,71.488227,1.1,2026-10-05,58.05
AST-005,Есиль,51.161845,71.488227,1.1,2026-10-06,64.23
AST-005,Есиль,51.161845,71.488227,1.1,2026-10-07,70.49
AST-006,Сарыарка,51.154684,71.378568,4.0,2026-10-01,15.13
AST-006,Сарыарка,51.154684,71.378568,4.0,2026-10-02,22.23
AST-006,Сарыарка,51.154684,71.378568,4.0,2026-10-03,29.97
AST-006,Сарыарка,51.154684,71.378568,4.0,2026-10-04,39.54
AST-006,Сарыарка,51.154684,71.378568,4.0,2026-10-05,48.07
AST-006,Сарыарка,51.154684,71.378568,4.0,2026-10-06,56.34
AST-006,Сарыарка,51.154684,71.378568,4.0,2026-10-07,65.0
AST-007,Алматы,51.167428,71.46312,1.1,2026-10-01,34.65
AST-007,Алматы,51.167428,71.46312,1.1,2026-10-02,42.99
AST-007,Алматы,51.167428,71.46312,1.1,2026-10-03,50.33
AST-007,Алматы,51.167428,71.46312,1.1,2026-10-04,60.2
AST-007,Алматы,51.167428,71.46312,1.1,2026-10-05,69.04
AST-007,Алматы,51.167428,71.46312,1.1,2026-10-06,78.33
AST-007,Алматы,51.167428,71.46312,1.1,2026-10-07,86.1
AST-008,Байконур,51.139939,71.476162,4.0,2026-10-01,23.77
AST-008,Байконур,51.139939,71.476162,4.0,2026-10-02,27.86
AST-008,Байконур,51.139939,71.476162,4.0,2026-10-03,32.9
AST-008,Байконур,51.139939,71.476162,4.0,2026-10-04,37.04
AST-008,Байконур,51.139939,71.476162,4.0,2026-10-05,42.15
AST-008,Байконур,51.139939,71.476162,4.0,2026-10-06,48.2
AST-008,Байконур,51.139939,71.476162,4.0,2026-10-07,52.75
AST-009,Есиль,51.117546,71.489705,4.0,2026-10-01,24.81
AST-009,Есиль,51.117546,71.489705,4.0,2026-10-02,34.18
AST-009,Есиль,51.117546,71.489705,4.0,2026-10-03,41.43
AST-009,Есиль,51.117546,71.489705,4.0,2026-10-04,48.7
AST-009,Есиль,51.117546,71.489705,4.0,2026-10-05,57.53
AST-009,Есиль,51.117546,71.489705,4.0,2026-10-06,66.11
AST-009,Есиль,51.117546,71.489705,4.0,2026-10-07,74.06
AST-010,Сарыарка,51.147671,71.426166,2.5,2026-10-01,39.13
AST-010,Сарыарка,51.147671,71.426166,2.5,2026-10-02,46.69
AST-010,Сарыарка,51.147671,71.426166,2.5,2026-10-03,56.38
AST-010,Сарыарка,51.147671,71.426166,2.5,2026-10-04,65.95
AST-010,Сарыарка,51.147671,71.426166,2.5,2026-10-05,75.09
AST-010,Сарыарка,51.147671,71.426166,2.5,2026-10-06,83.41
AST-010,Сарыарка,51.147671,71.426166,2.5,2026-10-07,92.86
AST-011,Алматы,51.108924,71.422172,2.5,2026-10-01,10.1
AST-011,Алматы,51.108924,71.422172,2.5,2026-10-02,18.81
AST-011,Алматы,51.108924,71.422172,2.5,2026-10-03,28.28
AST-011,Алматы,51.108924,71.422172,2.5,2026-10-04,37.12
AST-011,Алматы,51.108924,71.422172,2.5,2026-10-05,45.2
AST-011,Алматы,51.108924,71.422172,2.5,2026-10-06,52.07
AST-011,Алматы,51.108924,71.422172,2.5,2026-10-07,60.5
AST-012,Байконур,51.167334,71.43092,1.1,2026-10-01,14.59
AST-012,Байконур,51.167334,71.43092,1.1,2026-10-02,23.04
AST-012,Байконур,51.167334,71.43092,1.1,2026-10-03,32.21
AST-012,Байконур,51.167334,71.43092,1.1,2026-10-04,40.64
AST-012,Байконур,51.167334,71.43092,1.1,2026-10-05,47.48
AST-012,Байконур,51.167334,71.43092,1.1,2026-10-06,55.29
AST-012,Байконур,51.167334,71.43092,1.1,2026-10-07,62.19
AST-013,Есиль,51.174328,71.475447,2.5,2026-10-01,17.18
AST-013,Есиль,51.174328,71.475447,2.5,2026-10-02,22.07
AST-013,Есиль,51.174328,71.475447,2.5,2026-10-03,25.49
AST-013,Есиль,51.174328,71.475447,2.5,2026-10-04,30.88
AST-013,Есиль,51.174328,71.475447,2.5,2026-10-05,36.51
AST-013,Есиль,51.174328,71.475447,2.5,2026-10-06,42.63
AST-013,Есиль,51.174328,71.475447,2.5,2026-10-07,47.41
AST-014,Сарыарка,51.110061,71.44917,4.0,2026-10-01,14.95
AST-014,Сарыарка,51.110061,71.44917,4.0,2026-10-02,21.97
AST-014,Сарыарка,51.110061,71.44917,4.0,2026-10-03,30.05
AST-014,Сарыарка,51.110061,71.44917,4.0,2026-10-04,38.03
AST-014,Сарыарка,51.110061,71.44917,4.0,2026-10-05,45.49
AST-014,Сарыарка,51.110061,71.44917,4.0,2026-10-06,52.76
AST-014,Сарыарка,51.110061,71.44917,4.0,2026-10-07,60.09
AST-015,Алматы,51.131919,71.450602,2.5,2026-10-01,23.14
AST-015,Алматы,51.131919,71.450602,2.5,2026-10-02,28.63
AST-015,Алматы,51.131919,71.450602,2.5,2026-10-03,34.43
AST-015,Алматы,51.131919,71.450602,2.5,2026-10-04,40.56
AST-015,Алматы,51.131919,71.450602,2.5,2026-10-05,47.45
AST-015,Алматы,51.131919,71.450602,2.5,2026-10-06,53.26
AST-015,Алматы,51.131919,71.450602,2.5,2026-10-07,59.05
AST-016,Байконур,51.105679,71.445732,1.1,2026-10-01,12.02
AST-016,Байконур,51.105679,71.445732,1.1,2026-10-02,14.73
AST-016,Байконур,51.105679,71.445732,1.1,2026-10-03,18.0
AST-016,Байконур,51.105679,71.445732,1.1,2026-10-04,20.55
AST-016,Байконур,51.105679,71.445732,1.1,2026-10-05,23.73
AST-016,Байконур,51.105679,71.445732,1.1,2026-10-06,27.06
AST-016,Байконур,51.105679,71.445732,1.1,2026-10-07,30.95
AST-017,Есиль,51.170591,71.439145,1.1,2026-10-01,33.54
AST-017,Есиль,51.170591,71.439145,1.1,2026-10-02,41.26
AST-017,Есиль,51.170591,71.439145,1.1,2026-10-03,48.71
AST-017,Есиль,51.170591,71.439145,1.1,2026-10-04,57.15
AST-017,Есиль,51.170591,71.439145,1.1,2026-10-05,65.57
AST-017,Есиль,51.170591,71.439145,1.1,2026-10-06,74.13
AST-017,Есиль,51.170591,71.439145,1.1,2026-10-07,83.47
AST-018,Сарыарка,51.153869,71.4881,1.1,2026-10-01,11.82
AST-018,Сарыарка,51.153869,71.4881,1.1,2026-10-02,20.82
AST-018,Сарыарка,51.153869,71.4881,1.1,2026-10-03,27.74
AST-018,Сарыарка,51.153869,71.4881,1.1,2026-10-04,34.92
AST-018,Сарыарка,51.153869,71.4881,1.1,2026-10-05,43.12
AST-018,Сарыарка,51.153869,71.4881,1.1,2026-10-06,50.14
AST-018,Сарыарка,51.153869,71.4881,1.1,2026-10-07,57.29
AST-019,Алматы,51.13701,71.474938,1.1,2026-10-01,23.29
AST-019,Алматы,51.13701,71.474938,1.1,2026-10-02,32.47
AST-019,Алматы,51.13701,71.474938,1.1,2026-10-03,40.16
AST-019,Алматы,51.13701,71.474938,1.1,2026-10-04,50.68
AST-019,Алматы,51.13701,71.474938,1.1,2026-10-05,60.72
AST-019,Алматы,51.13701,71.474938,1.1,2026-10-06,71.16
AST-019,Алматы,51.13701,71.474938,1.1,2026-10-07,81.47
AST-020,Байконур,51.167896,71.389957,2.5,2026-10-01,24.44
AST-020,Байконур,51.167896,71.389957,2.5,2026-10-02,34.7
AST-020,Байконур,51.167896,71.389957,2.5,2026-10-03,42.75
AST-020,Байконур,51.167896,71.389957,2.5,2026-10-04,50.31
AST-020,Байконур,51.167896,71.389957,2.5,2026-10-05,59.03
AST-020,Байконур,51.167896,71.389957,2.5,2026-10-06,69.36
AST-020,Байконур,51.167896,71.389957,2.5,2026-10-07,79.27
AST-021,Есиль,51.12282,71.453591,4.0,2026-10-01,39.86
AST-021,Есиль,51.12282,71.453591,4.0,2026-10-02,47.41
AST-021,Есиль,51.12282,71.453591,4.0,2026-10-03,53.26
AST-021,Есиль,51.12282,71.453591,4.0,2026-10-04,59.54
AST-021,Есиль,51.12282,71.453591,4.0,2026-10-05,67.84
AST-021,Есиль,51.12282,71.453591,4.0,2026-10-06,74.97
AST-021,Есиль,51.12282,71.453591,4.0,2026-10-07,81.98
AST-022,Сарыарка,51.159838,71.37686,4.0,2026-10-01,24.3
AST-022,Сарыарка,51.159838,71.37686,4.0,2026-10-02,33.83
AST-022,Сарыарка,51.159838,71.37686,4.0,2026-10-03,41.94
AST-022,Сарыарка,51.159838,71.37686,4.0,2026-10-04,51.4
AST-022,Сарыарка,51.159838,71.37686,4.0,2026-10-05,61.89
AST-022,Сарыарка,51.159838,71.37686,4.0,2026-10-06,70.03
AST-022,Сарыарка,51.159838,71.37686,4.0,2026-10-07,78.17
AST-023,Алматы,51.168946,71.418453,4.0,2026-10-01,17.39
AST-023,Алматы,51.168946,71.418453,4.0,2026-10-02,24.91
AST-023,Алматы,51.168946,71.418453,4.0,2026-10-03,31.83
AST-023,Алматы,51.168946,71.418453,4.0,2026-10-04,39.24
AST-023,Алматы,51.168946,71.418453,4.0,2026-10-05,46.47
AST-023,Алматы,51.168946,71.418453,4.0,2026-10-06,54.93
AST-023,Алматы,51.168946,71.418453,4.0,2026-10-07,61.21
AST-024,Байконур,51.157295,71.398642,2.5,2026-10-01,13.93
AST-024,Байконур,51.157295,71.398642,2.5,2026-10-02,21.32
AST-024,Байконур,51.157295,71.398642,2.5,2026-10-03,30.12
AST-024,Байконур,51.157295,71.398642,2.5,2026-10-04,38.95
AST-024,Байконур,51.157295,71.398642,2.5,2026-10-05,44.99
AST-024,Байконур,51.157295,71.398642,2.5,2026-10-06,52.88
AST-024,Байконур,51.157295,71.398642,2.5,2026-10-07,60.58
